 page_size,page_token,statusCode,scenario
20,eyJ0eXAiOiJKV1QiLCJhbGciOiJIUzI1NiJ9.eyJzdWIiOiJ1LXg1N2ZzdCIsInVzZXJuYW1lIjoibXljb25maWRlbnRpdHl0ZXN0IiwiaXNzIjoiaHR0cHM6Ly9hdXRoLnByaXZhdGVuZXR3b3Jrcy5jb20vYXV0aC9yZWFsbXMvY29uZmx1ZW50LWNsb3VkLXBsdXMtdGVzdCIsImlhdCI6MTY1OTQ0OTM0NCwiZXhwIjoxNjU5NDU2OTQ0LCJhdWQiOlsiaHR0cHM6Ly9hcGkucHJpdmF0ZW5ldHdvcmtzLmNvbS92Mi9yZXNvdXJjZXMvdG9waWMiLCJodHRwczovL2FwaS5wcml2YXRlZW5ldHdvcmtzLmNvbS92Mi9yZXNvdXJjZXMvY29uZmx1ZW50cy9jb25mbHVlbnQtdGVtcGxhdGVzIiwiaHR0cHM6Ly9hcGkucHJpdmF0ZW5ldHdvcmtzLmNvbS92Mi9yZXNvdXJjZXMvdG9waWNzIiwiaHR0cHM6Ly9hcGkucHJpdmF0ZW5ldHdvcmtzLmNvbS92Mi9yZXNvdXJjZXMvY29uZmx1ZW50LWNsb3VkLXBsdXMtdGVzdCIsImh0dHBzOi8vYXBpLnByaXZhdGVuZXR3b3Jrcy5jb20vdjIvdG9waWNzIl19.2y_Y_d91b-j9n6m00e6j9x304Y9_27Y8q98952p3h98","200,Successful responses: OK
page_size,page_token,statusCode,scenario
20,eyJ0eXAiOiJKV1QiLCJhbGciOiJIUzI1NiJ9.eyJzdWIiOiJ1LXg1N2ZzdCIsInVzZXJuYW1lIjoibXljb25maWRlbnRpdHl0ZXN0IiwiaXNzIjoiaHR0cHM6Ly9hdXRoLnByaXZhdGVuZXR3b3Jrcy5jb20vYXV0aC9yZWFsbXMvY29uZmx1ZW50LWNsb3VkLXBsdXMtdGVzdCIsImlhdCI6MTY1OTQ0OTM0NCwiZXhwIjoxNjU5NDU2OTQ0LCJhdWQiOlsiaHR0cHM6Ly9hcGkucHJpdmF0ZW5ldHdvcmtzLmNvbS92Mi9yZXNvdXJjZXMvdG9waWMiLCJodHRwczovL2FwaS5wcml2YXRlZW5ldHdvcmtzLmNvbS92Mi9yZXNvdXJjZXMvY29uZmx1ZW50cy9jb25mbHVlbnQtdGVtcGxhdGVzIiwiaHR0cHM6Ly9hcGkucHJpdmF0ZW5ldHdvcmtzLmNvbS92Mi9yZXNvdXJjZXMvdG9waWNzIiwiaHR0cHM6Ly9hcGkucHJpdmF0ZW5ldHdvcmtzLmNvbS92Mi9yZXNvdXJjZXMvY29uZmx1ZW50LWNsb3VkLXBsdXMtdGVzdCIsImh0dHBzOi8vYXBpLnByaXZhdGVuZXR3b3Jrcy5jb20vdjIvdG9waWNzIl19.2y_Y_d91b-j9n6m00e6j9x304Y9_27Y8q98952p3h98","400,Client error responses: Bad Request
page_size,page_token,statusCode,scenario
20,eyJ0eXAiOiJKV1QiLCJhbGciOiJIUzI1NiJ9.eyJzdWIiOiJ1LXg1N2ZzdCIsInVzZXJuYW1lIjoibXljb25maWRlbnRpdHl0ZXN0IiwiaXNzIjoiaHR0cHM6Ly9hdXRoLnByaXZhdGVuZXR3b3Jrcy5jb20vYXV0aC9yZWFsbXMvY29uZmx1ZW50LWNsb3VkLXBsdXMtdGVzdCIsImlhdCI6MTY1OTQ0OTM0NCwiZXhwIjoxNjU5NDU2OTQ0LCJhdWQiOlsiaHR0cHM6Ly9hcGkucHJpdmF0ZW5ldHdvcmtzLmNvbS92Mi9yZXNvdXJjZXMvdG9waWMiLCJodHRwczovL2FwaS5wcml2YXRlZW5ldHdvcmtzLmNvbS92Mi9yZXNvdXJjZXMvY29uZmx1ZW50cy9jb25mbHVlbnQtdGVtcGxhdGVzIiwiaHR0cHM6Ly9hcGkucHJpdmF0ZW5ldHdvcmtzLmNvbS92Mi9yZXNvdXJjZXMvdG9waWNzIiwiaHR0cHM6Ly9hcGkucHJpdmF0ZW5ldHdvcmtzLmNvbS92Mi9yZXNvdXJjZXMvY29uZmx1ZW50LWNsb3VkLXBsdXMtdGVzdCIsImh0dHBzOi8vYXBpLnByaXZhdGVuZXR3b3Jrcy5jb20vdjIvdG9waWNzIl19.2y_Y_d91b-j9n6m00e6j9x304Y9_27Y8q98952p3h98","401,Client error responses: Unauthorized
page_size,page_token,statusCode,scenario
20,eyJ0eXAiOiJKV1QiLCJhbGciOiJIUzI1NiJ9.eyJzdWIiOiJ1LXg1N2ZzdCIsInVzZXJuYW1lIjoibXljb25maWRlbnRpdHl0ZXN0IiwiaXNzIjoiaHR0cHM6Ly9hdXRoLnByaXZhdGVuZXR3b3Jrcy5jb20vYXV0aC9yZWFsbXMvY29uZmx1ZW50LWNsb3VkLXBsdXMtdGVzdCIsImlhdCI6MTY1OTQ0OTM0NCwiZXhwIjoxNjU5NDU2OTQ0LCJhdWQiOlsiaHR0cHM6Ly9hcGkucHJpdmF0ZW5ldHdvcmtzLmNvbS92Mi9yZXNvdXJjZXMvdG9waWMiLCJodHRwczovL2FwaS5wcml2YXRlZW5ldHdvcmtzLmNvbS92Mi9yZXNvdXJjZXMvY29uZmx1ZW50cy9jb25mbHVlbnQtdGVtcGxhdGVzIiwiaHR0cHM6Ly9hcGkucHJpdmF0ZW5ldHdvcmtzLmNvbS92Mi9yZXNvdXJjZXMvdG9waWNzIiwiaHR0cHM6Ly9hcGkucHJpdmF0ZW5ldHdvcmtzLmNvbS92Mi9yZXNvdXJjZXMvY29uZmx1ZW50LWNsb3VkLXBsdXMtdGVzdCIsImh0dHBzOi8vYXBpLnByaXZhdGVuZXR3b3Jrcy5jb20vdjIvdG9waWNzIl19.2y_Y_d91b-j9n6m00e6j9x304Y9_27Y8q98952p3h98","403,Client error responses: Forbidden
page_size,page_token,statusCode,scenario
20,eyJ0eXAiOiJKV1QiLCJhbGciOiJIUzI1NiJ9.eyJzdWIiOiJ1LXg1N2ZzdCIsInVzZXJuYW1lIjoibXljb25maWRlbnRpdHl0ZXN0IiwiaXNzIjoiaHR0cHM6Ly9hdXRoLnByaXZhdGVuZXR3b3Jrcy5jb20vYXV0aC9yZWFsbXMvY29uZmx1ZW50LWNsb3VkLXBsdXMtdGVzdCIsImlhdCI6MTY1OTQ0OTM0NCwiZXhwIjoxNjU5NDU2OTQ0LCJhdWQiOlsiaHR0cHM6Ly9hcGkucHJpdmF0ZW5ldHdvcmtzLmNvbS92Mi9yZXNvdXJjZXMvdG9waWMiLCJodHRwczovL2FwaS5wcml2YXRlZW5ldHdvcmtzLmNvbS92Mi9yZXNvdXJjZXMvY29uZmx1ZW50cy9jb25mbHVlbnQtdGVtcGxhdGVzIiwiaHR0cHM6Ly9hcGkucHJpdmF0ZW5ldHdvcmtzLmNvbS92Mi9yZXNvdXJjZXMvdG9waWNzIiwiaHR0cHM6Ly9hcGkucHJpdmF0ZW5ldHdvcmtzLmNvbS92Mi9yZXNvdXJjZXMvY29uZmx1ZW50LWNsb3VkLXBsdXMtdGVzdCIsImh0dHBzOi8vYXBpLnByaXZhdGVuZXR3b3Jrcy5jb20vdjIvdG9waWNzIl19.2y_Y_d91b-j9n6m00e6j9x304Y9_27Y8q98952p3h98","429,Client error responses: Too Many Requests
page_size,page_token,statusCode,scenario
20,eyJ0eXAiOiJKV1QiLCJhbGciOiJIUzI1NiJ9.eyJzdWIiOiJ1LXg1N2ZzdCIsInVzZXJuYW1lIjoibXljb25maWRlbnRpdHl0ZXN0IiwiaXNzIjoiaHR0cHM6Ly9hdXRoLnByaXZhdGVuZXR3b3Jrcy5jb20vYXV0aC9yZWFsbXMvY29uZmx1ZW50LWNsb3VkLXBsdXMtdGVzdCIsImlhdCI6MTY1OTQ0OTM0NCwiZXhwIjoxNjU5NDU2OTQ0LCJhdWQiOlsiaHR0cHM6Ly9hcGkucHJpdmF0ZW5ldHdvcmtzLmNvbS92Mi9yZXNvdXJjZXMvdG9waWMiLCJodHRwczovL2FwaS5wcml2YXRlZW5ldHdvcmtzLmNvbS92Mi9yZXNvdXJjZXMvY29uZmx1ZW50cy9jb25mbHVlbnQtdGVtcGxhdGVzIiwiaHR0cHM6Ly9hcGkucHJpdmF0ZW5ldHdvcmtzLmNvbS92Mi9yZXNvdXJjZXMvdG9waWNzIiwiaHR0cHM6Ly9hcGkucHJpdmF0ZW5ldHdvcmtzLmNvbS92Mi9yZXNvdXJjZXMvY29uZmx1ZW50LWNsb3VkLXBsdXMtdGVzdCIsImh0dHBzOi8vYXBpLnByaXZhdGVuZXR3b3Jrcy5jb20vdjIvdG9waWNzIl19.2y_Y_d91b-j9n6m00e6j9x304Y9_27Y8q98952p3h98","500,Server error responses: Internal Server Error